fourbyone,4,127.0.0.1
twobytwo,4,127.0.0.1
onebyfour,4,127.0.0.1
fourbyone,4,127.0.0.1
fourbytwo,8,127.0.0.1
fourbyone,4,127.0.0.1
twobytwo,4,127.0.0.1
fourbytwo,8,127.0.0.1
onebythree,3,127.0.0.1
onebyfour,4,127.0.0.1
onebyfour,4,127.0.0.1
fourbyone,4,127.0.0.1
fourbyone,4,127.0.0.1
twobytwo,4,127.0.0.1
fourbyone,4,127.0.0.1
twobytwo,4,127.0.0.1
<<<<<<< HEAD
fourbyone,4,127.0.0.1
twobytwo,4,127.0.0.1
=======
twobytwo,4,127.0.0.1
fourbyone,4,127.0.0.1
fourbyone,4,127.0.0.1
fourbyone,4,127.0.0.1
fourbyone,4,127.0.0.1
fourbyone,4,127.0.0.1
fourbyone,4,127.0.0.1
fourbyone,4,127.0.0.1
fourbyone,4,127.0.0.1
twobytwo,4,127.0.0.1
fourbytwo,8,127.0.0.1
onebythree,3,127.0.0.1
onebythree,3,127.0.0.1
fourbyone,4,127.0.0.1
fourbytwo,8,127.0.0.1
onebythree,3,127.0.0.1
onebyfour,4,127.0.0.1
fourbytwo,8,127.0.0.1
fourbyone,4,127.0.0.1
fourbyone,4,127.0.0.1
onebythree,3,127.0.0.1
fourbyone,4,127.0.0.1
onebythree,3,127.0.0.1
onebyfour,4,127.0.0.1
onebythree,3,127.0.0.1
fourbyone,4,127.0.0.1
fourbyone,4,127.0.0.1
twobytwo,4,127.0.0.1
fourbyone,4,127.0.0.1
fourbyone,4,127.0.0.1
twobytwo,4,127.0.0.1
fourbytwo,8,127.0.0.1
fourbyone,4,127.0.0.1
fourbyone,4,127.0.0.1
fourbyone,4,127.0.0.1
fourbyone,4,127.0.0.1
fourbyone,4,127.0.0.1
fourbyone,4,127.0.0.1
onebythree,3,127.0.0.1
fourbyone,4,127.0.0.1
onebythree,3,127.0.0.1
onebythree,3,127.0.0.1
onebythree,3,127.0.0.1
onebythree,3,127.0.0.1
onebythree,3,127.0.0.1
fourbyone,4,127.0.0.1
onebythree,3,127.0.0.1
onebythree,3,127.0.0.1
onebythree,3,127.0.0.1
onebyfour,4,127.0.0.1
fourbyone,4,127.0.0.1
fourbyone,4,127.0.0.1
onebythree,3,127.0.0.1
onebythree,3,127.0.0.1
onebythree,3,127.0.0.1
onebythree,3,127.0.0.1
onebythree,3,127.0.0.1
<<<<<<< HEAD
twobytwo,4,127.0.0.1
=======
fourbyone,4,127.0.0.1
onebythree,3,127.0.0.1
fourbyone,4,127.0.0.1
fourbyone,4,127.0.0.1
onebythree,3,127.0.0.1
onebyfour,4,127.0.0.1
onebythree,3,127.0.0.1
fourbyone,4,127.0.0.1
fourbyone,4,127.0.0.1
onebythree,3,127.0.0.1
fourbyone,4,127.0.0.1
>>>>>>> a7df5cbf1cae95f13919734c1c72af8ef8ad6c1e
onebythree,3,127.0.0.1
onebythree,3,127.0.0.1
fourbyone,4,127.0.0.1
twobytwo,4,127.0.0.1
twobytwo,4,127.0.0.1
onebythree,3,127.0.0.1
